{"cameraMode":{"drawMode":0,"name":"Shaded","section":"Shading Mode"},"sceneLighting":true,"audioPlay":false,"sceneViewState":{"showFog":true,"showMaterialUpdate":false,"showSkybox":true,"showFlares":true,"showImageEffects":true,"showParticleSystems":true,"showVisualEffectGraphs":true,"m_FxEnabled":true},"in2DMode":false,"pivot":{"x":-74.58625030517578,"y":63.256813049316409,"z":-615.5633544921875},"rotation":{"x":0.044846177101135257,"y":-0.1791466474533081,"z":0.008179155178368092,"w":0.9828732013702393},"size":13.063652038574219,"orthographic":false}